1493980620.02,27163.6,30763.6
1493980680.07,27559.3,31152.5
1493980740.12,26220.3,30118.6
1493980800.04,27169.5,30576.3
1493980860.06,26016.9,29779.7
1493980920.07,27186.4,30627.1
1493980980.05,26644.1,30271.2
1493981040.06,27644.1,30949.2
1493981100.06,27576.3,30898.3
1493981160.03,27152.5,30694.9
1493981220.07,27389.8,31135.6
1493981280.05,26457.6,30288.1
1493981340.05,27457.6,30932.2
1493981400.06,27542.4,31101.7
1493981460.04,27406.8,30949.2
1493981520.06,27711.9,31305.1
1493981580.03,26152.5,30016.9
1493981640.04,27406.8,31000
1493981700.07,26050.8,30016.9
1493981760.07,26915.3,30728.8
1493981820.04,26627.1,30203.4
1493981880.05,26474.6,30169.5
1493981940.09,27355.9,30983.1
1493982000.08,26779.7,30220.3
1493982060.04,27949.2,31305.1
1493982120.05,27101.7,31033.9
1493982180.08,27457.6,31050.8
1493982240.07,27203.4,30627.1
1493982300.05,26881.4,30610.2
1493982360.06,27694.9,31118.6
1493982420.1,27423.7,30949.2
1493982480.04,27067.8,30745.8
1493982540.03,29186.4,32644.1
1493982600.06,28830.5,32237.3
1493982660.07,27830.5,31203.4
1493982720.08,29067.8,32576.3
1493982780.04,29016.9,32559.3
1493982840.06,28050.8,31728.8
1493982900.06,29186.4,32440.7
1493982960.03,29016.9,32406.8
1493983020.05,28694.9,32508.5
1493983080.05,29101.7,32678
1493983140.03,27949.2,31745.8
1493983200.07,28491.5,31949.2
1493983260.08,27203.4,31016.9
1493983320.07,28389.8,31813.6
1493983380.04,28745.8,31966.1
1493983440.05,28372.9,31830.5
1493983500.05,28525.4,32135.6
1493983560.07,29050.8,32322
1493983620.09,29016.9,32491.5
1493983680.08,29152.5,32491.5
1493983740.07,29830.5,33220.3
1493983800.03,29796.6,33101.7
1493983860.04,29305.1,32830.5
1493983920.05,29491.5,32779.7
1493983980.11,29847.5,33254.2
1493984040.04,29576.3,32932.2
1493984100.09,29678,33033.9
1493984160.03,30000,33237.3
1493984220.06,29118.6,32457.6
1493984280.03,29830.5,33135.6
1493984340.08,29779.7,33016.9
1493984400.07,28966.1,32067.8
1493984460.03,29711.9,33118.6
1493984520.07,29898.3,33169.5
1493984580.05,29288.1,32559.3
1493984640.03,29898.3,33288.1
1493984700.07,28966.1,32508.5
1493984760.07,29372.9,32661
1493984820.03,30254.2,33542.4
1493984880.08,28966.1,32339
1493984940.05,29966.1,33237.3
1493985000.05,29813.6,33169.5
1493985060.07,29355.9,32745.8
1493985120.07,29966.1,33033.9
1493985180.05,28983.1,32288.1
1493985240.06,29881.4,33033.9
1493985300.03,30033.9,33423.7
1493985360.03,29084.7,33000
1493985420.05,29864.4,33033.9
1493985480.03,28694.9,30830.5
1493985540.05,28339,30372.9
1493985600.08,28101.7,30491.5
1493985660.04,26576.3,29339
1493985720.03,27593.2,30050.8
1493985780.05,26610.2,29423.7
1493985840.07,26322,29186.4
1493985900.04,25728.8,28322
1493985960.07,28186.4,30728.8
1493986020.07,32186.4,35813.6
1493986080.05,31813.6,35305.1
1493986140.07,31169.5,34593.2
1493986200.05,32389.8,35491.5
1493986260.06,30423.7,33762.7
1493986320.07,30898.3,34101.7
1493986380.07,30813.6,33966.1
1493986440.05,30237.3,33559.3
1493986500.03,31339,34678
1493986560.05,31152.5,34339
1493986620.07,31101.7,34491.5
1493986680.06,31949.2,35254.2
1493986740.08,30915.3,34067.8
1493986800.07,32084.7,35169.5
1493986860.08,31000,34322
1493986920.07,31728.8,34898.3
1493986980.03,29898.3,33542.4
1493987040.04,29949.2,33576.3
1493987100.07,30135.6,33762.7
1493987160.05,29745.8,33339
1493987220.06,30339,33949.2
1493987280.05,29067.8,32779.7
1493987340.04,29932.2,33389.8
1493987400.06,29864.4,33305.1
1493987460.07,29881.4,33423.7
1493987520.06,30491.5,33898.3
1493987580.05,30101.7,33525.4
1493987640.05,33186.4,36389.8
1493987700.07,32152.5,35406.8
1493987760.05,33678,36711.9
1493987820.09,33389.8,36542.4
1493987880.05,33678,36678
1493987940.03,33525.4,36644.1
1493988000.03,32830.5,35932.2
1493988060.05,33322,36457.6
1493988120.07,33644.1,36678
1493988180.07,32627.1,35779.7
1493988240.05,33067.8,36254.2
1493988300.05,33203.4,36322
1493988360.04,32203.4,35305.1
1493988420.05,33389.8,36406.8
1493988480.07,33271.2,36440.7
1493988540.08,32711.9,35983.1
1493988600.03,33118.6,36220.3
1493988660.08,32016.9,35203.4
1493988720.04,33118.6,36152.5
1493988780.04,32779.7,35966.1
1493988840.05,32644.1,35779.7
1493988900.06,33847.5,36898.3
1493988960.09,33322,36305.1
1493989020.03,33762.7,36779.7
1493989080.03,33762.7,36779.7
1493989140.07,33457.6,36474.6
1493989200.05,33576.3,36542.4
1493989260.05,32796.6,35864.4
1493989320.05,32762.7,35796.6
1493989380.1,32610.2,35508.5
1493989440.03,31830.5,34881.4
1493989500.04,32881.4,35881.4
1493989560.06,31610.2,34813.6
1493989620.07,32796.6,35745.8
1493989680.05,32016.9,35000
1493989740.06,33169.5,36135.6
1493989800.03,32271.2,35406.8
1493989860.08,33016.9,36033.9
1493989920.05,32745.8,35881.4
1493989980.05,33305.1,36474.6
1493990040.11,33627.1,36694.9
1493990100.05,33254.2,36813.6
1493990160.03,34101.7,37491.5
1493990220.05,33423.7,36728.8
1493990280.06,33491.5,36745.8
1493990340.07,34084.7,37033.9
1493990400.05,32644.1,35898.3
1493990460.07,33966.1,36932.2
1493990520.12,32711.9,35830.5
1493990580.05,32983.1,35915.3
1493990640.05,32339,35355.9
1493990700.03,32983.1,36067.8
1493990760.07,33474.6,36559.3
1493990820.03,32898.3,35966.1
1493990880.08,33406.8,36508.5
1493990940.07,37305.1,40525.4
1493991000.05,43118.6,46203.4
1493991060.09,42220.3,45644.1
1493991120.09,43033.9,46203.4
1493991180.06,42152.5,45457.6
1493991240.06,42508.5,45847.5
1493991300.06,41186.4,44915.3
1493991360.04,39203.4,43135.6
1493991420.04,40169.5,44033.9
1493991480.03,39491.5,43355.9
1493991540.04,39983.1,43796.6
1493991600.07,39423.7,43322
1493991660.08,39542.4,43406.8
1493991720.04,40559.3,44237.3
1493991780.05,40016.9,43762.7
1493991840.05,40915.3,44288.1
1493991900.06,40847.5,44423.7
1493991960.05,40322,44016.9
1493992020.09,41389.8,45033.9
1493992080.07,41000,44644.1
1493992140.03,40440.7,44372.9
1493992200.06,41084.7,44627.1
1493992260.09,40491.5,44169.5
1493992320.08,40881.4,44661
1493992380.03,40694.9,43830.5
1493992440.03,39864.4,43033.9
1493992500.04,39169.5,42457.6
1493992560.07,40203.4,43339
1493992620.04,39711.9,43203.4
1493992680.07,39728.8,43389.8
1493992740.04,40305.1,43813.6
1493992800.11,39050.8,42881.4
1493992860.08,40576.3,44118.6
1493992920.04,40728.8,44050.8
1493992980.06,40203.4,43271.2
1493993040.04,40915.3,43915.3
1493993100.05,40525.4,43593.2
1493993160.06,40440.7,43728.8
1493993220.03,40813.6,44508.5
1493993280.05,40474.6,44203.4
1493993340.03,40355.9,44000
1493993400.04,41491.5,45033.9
1493993460.04,37237.3,41203.4
1493993520.08,38644.1,42322
1493993580.04,37881.4,41779.7
1493993640.03,37050.8,40694.9
1493993700.08,37915.3,41355.9
1493993760.06,37813.6,41254.2
1493993820.08,36525.4,40220.3
1493993880.04,42271.2,45389.8
1493993940.07,41779.7,45118.6
1493994000.06,32000,34915.3
1493994060.05,32983.1,35694.9
1493994120.04,32898.3,35762.7
1493994180.07,32593.2,35254.2
1493994240.07,33339,35881.4
1493994300.09,34067.8,36610.2
1493994360.07,33966.1,36728.8
1493994420.06,36372.9,39339
1493994480.05,36220.3,39254.2
1493994540.03,35101.7,38135.6
1493994600.09,35983.1,39033.9
1493994660.04,36084.7,39084.7
1493994720.06,35237.3,38305.1
1493994780.05,36203.4,39203.4
1493994840.05,35779.7,38915.3
1493994900.08,35355.9,38423.7
1493994960.04,38203.4,41203.4
1493995020.09,36525.4,39559.3
1493995080.07,35305.1,38406.8
1493995140.05,44864.4,48000
1493995200.05,37440.7,40576.3
1493995260.09,37762.7,40847.5
1493995320.07,41101.7,43915.3
1493995380.05,38932.2,41813.6
1493995440.05,39203.4,41830.5
1493995500.04,40796.6,43339
1493995560.07,39559.3,42186.4
1493995620.04,39661,42610.2
1493995680.04,38542.4,41542.4
1493995740.06,38440.7,41491.5
1493995800.05,39288.1,42305.1
1493995860.07,38593.2,41644.1
1493995920.04,38525.4,41576.3
1493995980.08,38966.1,42016.9
1493996040.05,37898.3,41101.7
1493996100.03,38237.3,41372.9
1493996160.06,37152.5,40661
1493996220.03,38050.8,41288.1
1493996280.06,37644.1,40864.4
1493996340.06,38000,41203.4
1493996400.05,38016.9,41305.1
1493996460.06,37915.3,41203.4
1493996520.07,38949.2,42016.9
1493996580.03,38169.5,41322
1493996640.06,39254.2,42237.3
1493996700.06,38118.6,41169.5
1493996760.07,38762.7,41728.8
1493996820.04,39067.8,42033.9
1493996880.06,38254.2,41322
1493996940.03,38966.1,41932.2
1493997000.06,40101.7,43288.1
1493997060.05,40000,43186.4
1493997120.03,41406.8,44779.7
1493997180.12,41576.3,45000
1493997240.07,38932.2,42203.4
1493997300.06,39423.7,42576.3
1493997360.1,39033.9,42169.5
1493997420.06,38762.7,41813.6
1493997480.04,38050.8,41220.3
1493997540.04,37322,40339
1493997600.06,38050.8,41220.3
1493997660.04,37525.4,40728.8
1493997720.09,38050.8,41288.1
1493997780.07,37949.2,41101.7
1493997840.05,37525.4,40678
1493997900.04,38542.4,41593.2
1493997960.08,38525.4,41576.3
1493998020.04,39101.7,42152.5
1493998080.06,39881.4,42728.8
1493998140.05,40288.1,43237.3
1493998200.04,39966.1,42983.1
1493998260.03,39644.1,42661
1493998320.07,39830.5,42830.5
1493998380.07,39508.5,42559.3
1493998440.02,39322,42406.8
1493998500.06,38983.1,42016.9
1493998560.06,39000,42033.9
1493998620.04,39084.7,42152.5
1493998680.08,39694.9,42694.9
1493998740.06,38847.5,41864.4
1493998800.04,39644.1,42661
1493998860.07,39661,42644.1
1493998920.04,38898.3,41949.2
1493998980.02,39423.7,42644.1
1493999040.04,38644.1,41898.3
1493999100.05,39796.6,42949.2
1493999160.06,38559.3,41762.7
1493999220.03,38983.1,42016.9
1493999280.05,37728.8,40949.2
1493999340.04,38864.4,41932.2
1493999400.07,38220.3,41305.1
1493999460.08,39576.3,42711.9
1493999520.05,38830.5,42033.9
1493999580.06,39593.2,42762.7
1493999640.08,40745.8,43745.8
1493999700.05,40644.1,43711.9
1493999760.07,40542.4,43576.3
1493999820.05,40813.6,43915.3
1493999880.04,41355.9,44339
1493999940.03,38508.5,41644.1
1494000000.06,39237.3,42389.8
1494000060.09,39525.4,42593.2
1494000120.05,39288.1,42339
1494000180.11,40084.7,43288.1
1494000240.09,44593.2,47745.8
1494000300.04,39220.3,42508.5
1494000360.05,40084.7,43254.2
1494000420.06,41271.2,45000
1494000480.03,43050.8,46966.1
1494000540.06,43169.5,47084.7
1494000600.04,40915.3,44728.8
1494000660.04,42508.5,46389.8
1494000720.08,41745.8,45661
1494000780.06,39966.1,43813.6
1494000840.08,39474.6,42915.3
1494000900.06,43559.3,48237.3
1494000960.06,45796.6,50305.1
1494001020.06,41016.9,44966.1
1494001080.05,41000,45152.5
1494001140.06,41491.5,45186.4
1494001200.06,41254.2,45440.7
1494001260.06,44288.1,48898.3
1494001320.05,41678,45779.7
1494001380.07,40322,44000
1494001440.07,42067.8,46067.8
1494001500.06,41220.3,45203.4
1494001560.07,40949.2,45033.9
1494001620.07,39220.3,42593.2
1494001680.08,38440.7,41491.5
1494001740.04,41457.6,44627.1
1494001800.05,38864.4,41983.1
1494001860.03,38694.9,41745.8
1494001920.08,44016.9,47050.8
1494001980.12,52084.7,55169.5
1494002040.05,44355.9,47474.6
1494002100.04,40339,43457.6
1494002160.04,39491.5,42576.3
1494002220.07,38576.3,41678
1494002280.04,37423.7,40474.6
1494002340.05,37050.8,40084.7
1494002400.05,38135.6,41152.5
1494002460.07,37084.7,40101.7
1494002520.06,37728.8,40830.5
1494002580.05,37813.6,40881.4
1494002640.03,37881.4,40932.2
1494002700.04,37966.1,40966.1
1494002760.08,38406.8,41542.4
1494002820.08,39339,42559.3
1494002880.05,38135.6,41271.2
1494002940.06,37491.5,40779.7
1494003000.06,37627.1,40661
1494003060.04,36864.4,39745.8
1494003120.03,38661,41644.1
1494003180.04,39949.2,43101.7
1494003240.03,39118.6,42237.3
1494003300.08,39932.2,43203.4
1494003360.06,39644.1,42830.5
1494003420.06,41457.6,44593.2
1494003480.1,41322,44694.9
1494003540.05,41694.9,45084.7
1494003600.05,42576.3,45847.5
1494003660.04,44000,47542.4
1494003720.07,42678,46288.1
1494003780.03,42779.7,46084.7
1494003840.08,42932.2,46271.2
1494003900.04,44728.8,48135.6
1494003960.04,45915.3,49101.7
1494004020.09,46101.7,49067.8
1494004080.06,46678,49644.1
1494004140.02,46593.2,49542.4
1494004200.06,45678,48576.3
1494004260.05,46440.7,49322
1494004320.08,45864.4,48610.2
1494004380.03,46932.2,49491.5
1494004440.07,47694.9,50322
1494004500.07,49406.8,52491.5
1494004560.04,50796.6,54491.5
1494004620.04,54237.3,58627.1
1494004680.05,50593.2,54016.9
1494004740.04,49779.7,53491.5
1494004800.09,47423.7,50474.6
1494004860.12,50779.7,55050.8
1494004920.04,49983.1,53847.5
1494004980.06,47491.5,50644.1
1494005040.08,44610.2,47440.7
1494005100.08,46322,49728.8
1494005160.07,47050.8,50474.6
1494005220.05,47711.9,51033.9
1494005280.05,49711.9,52966.1
1494005340.06,45881.4,48644.1
1494005400.05,45288.1,47966.1
1494005460.06,44847.5,47661
1494005520.07,45864.4,48576.3
1494005580.05,46661,49288.1
1494005640.11,46152.5,48864.4
1494005700.06,45389.8,48406.8
1494005760.05,46644.1,49762.7
1494005820.03,45322,48406.8
1494005880.05,44593.2,47678
1494005940.11,44864.4,47745.8
1494006000.06,44169.5,47033.9
1494006060.24,44644.1,47525.4
1494006120.06,44491.5,47237.3
1494006180.04,45678,48339
1494006240.08,45881.4,48779.7
1494006300.05,47339,50271.2
1494006360.06,48491.5,51525.4
1494006420.05,48152.5,51050.8
1494006480.11,54152.5,58372.9
1494006540.07,57220.3,62254.2
1494006600.07,55389.8,59966.1
1494006660.03,47118.6,49813.6
1494006720.06,48000,50898.3
1494006780.25,47322,50152.5
1494006840.22,47084.7,49813.6
1494006900.03,49881.4,53067.8
1494006960.05,48796.6,51610.2
1494007020.11,50491.5,53915.3
1494007080.04,51525.4,55067.8
1494007140.07,49084.7,52135.6
1494007200.24,46440.7,49033.9
1494007260.07,45762.7,48322
1494007320.05,46915.3,49406.8
1494007380.09,45084.7,47694.9
1494007440.07,45864.4,48491.5
1494007500.03,44711.9,47372.9
1494007560.05,44406.8,47152.5
1494007620.05,44322,47050.8
1494007680.05,45762.7,48491.5
1494007740.07,43932.2,46593.2
1494007800.07,44779.7,47474.6
1494007860.06,44576.3,47237.3
1494007920.04,44796.6,47406.8
1494007980.08,44186.4,47016.9
1494008040.05,45796.6,48440.7
1494008100.07,45339,48016.9
1494008160.06,46830.5,49440.7
1494008220.05,46406.8,49118.6
1494008280.04,46678,49372.9
1494008340.08,46389.8,49135.6
1494008400.03,46711.9,49254.2
1494008460.03,45508.5,48118.6
1494008520.06,53305.1,57254.2
1494008580.06,55355.9,59576.3
1494008640.03,54186.4,58389.8
1494008700.09,53389.8,57559.3
1494008760.06,53288.1,56966.1
1494008820.05,52711.9,56440.7
1494008880.08,53864.4,57576.3
1494008940.05,54169.5,57966.1
1494009000.06,54542.4,58288.1
1494009060.04,54745.8,58525.4
1494009120.05,54610.2,58355.9
1494009180.05,53542.4,57491.5
1494009240.04,47745.8,50711.9
1494009300.07,50101.7,52372.9
1494009360.03,49813.6,52237.3
1494009420.06,50271.2,52576.3
1494009480.04,49915.3,52237.3
1494009540.07,46559.3,48966.1
1494009600.03,44237.3,46864.4
1494009660.04,46152.5,48779.7
1494009720.07,44779.7,47491.5
1494009780.06,45084.7,47678
1494009840.06,45050.8,47694.9
1494009900.06,45322,47898.3
1494009960.03,46118.6,48661
1494010020.05,46627.1,49084.7
1494010080.06,45610.2,48220.3
1494010140.05,47610.2,49915.3
1494010200.06,47305.1,49711.9
1494010260.05,46796.6,49305.1
1494010320.1,46372.9,48881.4
1494010380.07,47101.7,49593.2
1494010440.06,45864.4,48423.7
1494010500.04,45254.2,47474.6
1494010560.07,44983.1,47220.3
1494010620.06,45525.4,47779.7
1494010680.02,45084.7,47389.8
1494010740.04,44711.9,47016.9
1494010800.06,42152.5,44508.5
1494010860.04,42593.2,44966.1
1494010920.06,42610.2,44932.2
1494010980.03,42220.3,44678
1494011040.04,42779.7,44983.1
1494011100.03,42033.9,44169.5
1494011160.06,42016.9,44440.7
1494011220.07,41372.9,43796.6
1494011280.08,41576.3,43881.4
1494011340.05,41118.6,43423.7
1494011400.06,41983.1,44355.9
1494011460.07,41796.6,44203.4
1494011520.06,42186.4,44474.6
1494011580.03,41898.3,44254.2
1494011640.05,42389.8,44661
1494011700.09,41898.3,44237.3
1494011760.08,42525.4,45067.8
1494011820.04,42254.2,44627.1
1494011880.04,42525.4,44983.1
1494011940.08,42101.7,44610.2
1494012000.05,42966.1,45474.6
1494012060.04,43000,45406.8
1494012120.04,43508.5,46000
1494012180.05,42678,45118.6
1494012240.04,39288.1,41949.2
1494012300.03,39474.6,41898.3
1494012360.08,38779.7,41135.6
1494012420.08,39118.6,41796.6
1494012480.05,39033.9,41644.1
1494012540.04,40593.2,42949.2
1494012600.07,39644.1,42152.5
1494012660.08,40220.3,42542.4
1494012720.05,40033.9,42372.9
1494012780.06,40355.9,42745.8
1494012840.09,38796.6,41610.2
1494012900.06,39000,41915.3
1494012960.07,37796.6,40949.2
1494013020.07,40457.6,43457.6
1494013080.06,39898.3,42678
1494013140.04,40796.6,43542.4
1494013200.07,41508.5,44169.5
1494013260.05,43457.6,46084.7
1494013320.04,56966.1,60576.3
1494013380.05,44152.5,48203.4
1494013440.04,41101.7,45101.7
1494013500.05,41118.6,45203.4
1494013560.1,40203.4,44271.2
1494013620.04,40372.9,44389.8
1494013680.06,40237.3,44322
1494013740.09,40389.8,44491.5
1494013800.05,40305.1,44440.7
1494013860.07,40372.9,44525.4
1494013920.07,40830.5,45000
1494013980.08,40966.1,45169.5
1494014040.1,40830.5,45118.6
1494014100.05,40711.9,45033.9
1494014160.07,41050.8,45220.3
1494014220.05,41271.2,45372.9
1494014280.08,41525.4,45661
1494014340.05,41322,45508.5
1494014400.06,41322,45322
1494014460.06,40898.3,44932.2
1494014520.07,40135.6,44169.5
1494014580.06,40237.3,44237.3
1494014640.04,40067.8,44084.7
1494014700.05,40169.5,44254.2
1494014760.07,40152.5,44186.4
1494014820.04,40220.3,44389.8
1494014880.07,40372.9,44508.5
1494014940.06,40644.1,44864.4
1494015000.06,40339,44711.9
1494015060.05,40355.9,44491.5
1494015120.06,40220.3,44288.1
1494015180.04,41152.5,45203.4
1494015240.08,41050.8,45101.7
1494015300.05,41169.5,45220.3
1494015360.04,41067.8,45135.6
1494015420.02,40813.6,44881.4
1494015480.05,40033.9,44186.4
1494015540.08,40661,44779.7
1494015600.04,39406.8,43830.5
1494015660.06,35610.2,41067.8
1494015720.04,36152.5,41000
1494015780.03,36101.7,40966.1
1494015840.09,36305.1,41016.9
1494015900.04,36389.8,41016.9
1494015960.07,36593.2,41084.7
1494016020.1,36830.5,41169.5
1494016080.04,36898.3,41186.4
1494016140.05,37016.9,41678
1494016200.07,37050.8,42000
1494016260.03,37322,42050.8
1494016320.03,37372.9,42118.6
1494016380.09,37678,42440.7
1494016440.04,37016.9,41898.3
1494016500.05,37016.9,41627.1
1494016560.05,36932.2,41576.3
1494016620.06,36949.2,41711.9
1494016680.03,36949.2,41474.6
1494016740.04,36813.6,41288.1
1494016800.04,36796.6,41440.7
1494016860.05,36508.5,41050.8
1494016920.06,36491.5,41067.8
1494016980.07,36322,41000
1494017040.05,36559.3,41067.8
1494017100.07,36525.4,41186.4
1494017160.07,37050.8,41932.2
1494017220.04,37033.9,41847.5
1494017280.04,37016.9,41949.2
1494017340.04,37169.5,42033.9
1494017400.08,37016.9,41728.8
1494017460.04,36847.5,41593.2
1494017520.05,36694.9,41254.2
1494017580.07,36576.3,41152.5
1494017640.05,36983.1,41237.3
1494017700.04,36966.1,41491.5
1494017760.05,37000,41525.4
1494017820.03,37033.9,41881.4
1494017880.07,37033.9,42016.9
1494017940.04,37000,41966.1
1494018000.05,37050.8,41915.3
1494018060.05,36966.1,41559.3
1494018120.07,37050.8,41678
1494018180.09,37033.9,41966.1
1494018240.04,37016.9,41813.6
1494018300.05,37033.9,41881.4
1494018360.06,37288.1,42118.6
1494018420.09,36966.1,41576.3
1494018480.05,36949.2,41559.3
1494018540.07,36949.2,41508.5
1494018600.05,36355.9,41152.5
1494018660.05,36406.8,41016.9
1494018720.08,36101.7,41000
1494018780.04,36084.7,40932.2
1494018840.08,36271.2,41033.9
1494018900.06,36474.6,41169.5
1494018960.03,37000,41762.7
1494019020.07,37000,41661
1494019080.02,37016.9,41762.7
1494019140.03,37406.8,42016.9
1494019200.06,37678,42050.8
1494019260.05,37440.7,42067.8
1494019320.04,37525.4,42033.9
1494019380.03,37067.8,41932.2
1494019440.06,36915.3,41525.4
1494019500.09,36932.2,41644.1
1494019560.04,37084.7,41949.2
1494019620.04,37050.8,41762.7
1494019680.05,36864.4,41457.6
1494019740.03,36932.2,41389.8
1494019800.04,36457.6,41203.4
1494019860.08,36186.4,41033.9
1494019920.05,36288.1,41033.9
1494019980.08,36237.3,41000
1494020040.03,36322,41016.9
1494020100.06,36220.3,41050.8
1494020160.09,36847.5,41576.3
1494020220.03,37118.6,42033.9
1494020280.1,37152.5,42000
1494020340.04,37016.9,41932.2
1494020400.05,37118.6,42033.9
1494020460.06,36847.5,41525.4
1494020520.04,37000,41915.3
1494020580.04,37016.9,42000
1494020640.11,36949.2,41339
1494020700.06,37016.9,41711.9
1494020760.03,36847.5,41339
1494020820.07,36779.7,41355.9
1494020880.03,36898.3,41322
1494020940.03,36627.1,41084.7
1494021000.06,36627.1,41152.5
1494021060.05,36339,41000
1494021120.04,36389.8,41000
1494021180.08,36118.6,41016.9
1494021240.07,36864.4,41508.5
1494021300.07,37000,41949.2
1494021360.08,37203.4,42050.8
1494021420.07,37254.2,42033.9
1494021480.04,37305.1,41847.5
1494021540.06,36745.8,41152.5
1494021600.1,36949.2,41745.8
1494021660.04,36966.1,41661
1494021720.05,36966.1,41491.5
1494021780.07,36779.7,41508.5
1494021840.03,36661,41169.5
1494021900.03,37000,41406.8
1494021960.05,37000,41525.4
1494022020.08,37000,41457.6
1494022080.03,36949.2,41237.3
1494022140.09,36711.9,41203.4
1494022200.03,36932.2,41186.4
1494022260.08,36830.5,41559.3
1494022320.05,37084.7,41983.1
1494022380.03,37000,41966.1
1494022440.09,37135.6,41881.4
1494022500.07,37067.8,41983.1
1494022560.05,36728.8,41220.3
1494022620.04,36254.2,41033.9
1494022680.06,36525.4,41084.7
1494022740.04,36678,41169.5
1494022800.05,36576.3,41372.9
1494022860.08,36762.7,41152.5
1494022920.06,36355.9,41101.7
1494022980.06,36288.1,41067.8
1494023040.04,36830.5,41322
1494023100.05,36983.1,41728.8
1494023160.05,36830.5,41237.3
1494023220.08,36694.9,41220.3
1494023280.05,36796.6,41084.7
1494023340.07,36898.3,41593.2
1494023400.04,37016.9,41915.3
1494023460.04,37000,41728.8
1494023520.09,37033.9,41949.2
1494023580.04,37118.6,41847.5
1494023640.06,36949.2,41186.4
1494023700.05,36864.4,41203.4
1494023760.06,37050.8,41644.1
1494023820.04,36966.1,41678
1494023880.06,37000,41813.6
1494023940.07,37000,41881.4
1494024000.05,36864.4,41389.8
1494024060.06,36610.2,41033.9
1494024120.09,36474.6,41254.2
1494024180.05,36237.3,41033.9
1494024240.05,36339,41033.9
1494024300.05,36288.1,41016.9
1494024360.06,36593.2,41084.7
1494024420.04,36830.5,41610.2
1494024480.06,37050.8,41966.1
1494024540.07,37000,41728.8
1494024600.08,37000,41661
1494024660.05,36966.1,41728.8
1494024720.04,36610.2,41050.8
1494024780.08,36830.5,41474.6
1494024840.05,36983.1,41457.6
1494024900.04,37016.9,41779.7
1494024960.05,36983.1,41779.7
1494025020.05,36983.1,41661
1494025080.09,36932.2,41457.6
1494025140.08,36237.3,41050.8
1494025200.07,36050.8,41000
1494025260.03,36118.6,41000
1494025320.09,36508.5,41084.7
1494025380.06,36186.4,41000
1494025440.06,36237.3,41016.9
1494025500.05,36711.9,41440.7
1494025560.06,37169.5,42016.9
1494025620.04,37084.7,42000
1494025680.05,37169.5,42033.9
1494025740.07,37000,41881.4
1494025800.03,36220.3,40966.1
1494025860.04,36000,40983.1
1494025920.05,36067.8,40966.1
1494025980.05,36101.7,41000
1494026040.07,36033.9,41000
1494026100.08,36220.3,40983.1
1494026160.06,36559.3,41169.5
1494026220.04,36525.4,41067.8
1494026280.08,36779.7,41220.3
1494026340.06,36983.1,41576.3
1494026400.08,36830.5,41339
1494026460.02,36830.5,41339
1494026520.05,36678,41050.8
1494026580.05,36542.4,41033.9
1494026640.07,36067.8,41000
1494026700.05,36237.3,41050.8
1494026760.05,36949.2,41508.5
1494026820.08,36983.1,41610.2
1494026880.04,37016.9,41762.7
1494026940.07,37000,41932.2
1494027000.06,36559.3,41203.4
1494027060.02,36000,40711.9
1494027120.1,36067.8,40932.2
1494027180.04,36050.8,41000
1494027240.07,36033.9,41000
1494027300.06,36152.5,41000
1494027360.03,36033.9,40983.1
1494027420.05,36254.2,41067.8
1494027480.05,36372.9,41067.8
1494027540.07,36135.6,41000
1494027600.04,36016.9,40966.1
1494027660.04,36033.9,40525.4
1494027720.05,36000,40813.6
1494027780.03,36000,40796.6
1494027840.04,36050.8,41000
1494027900.07,36610.2,41457.6
1494027960.05,37084.7,42000
1494028020.05,37186.4,42016.9
1494028080.06,37847.5,42237.3
1494028140.05,37576.3,42203.4
1494028200.08,37186.4,42033.9
1494028260.04,36898.3,41474.6
1494028320.05,36220.3,41050.8
1494028380.05,36050.8,41000
1494028440.04,36000,40762.7
1494028500.06,36000,40423.7
1494028560.04,35966.1,40288.1
1494028620.07,35983.1,40339
1494028680.08,36084.7,40932.2
1494028740.03,36050.8,41000
1494028800.06,36169.5,40966.1
1494028860.05,36152.5,41000
1494028920.06,36033.9,41000
1494028980.06,36000,40949.2
1494029040.05,36237.3,41067.8
1494029100.07,36796.6,41322
1494029160.04,36779.7,41084.7
1494029220.05,37000,41627.1
1494029280.05,36949.2,41745.8
1494029340.03,36847.5,41339
1494029400.08,36576.3,41288.1
1494029460.08,36474.6,41169.5
1494029520.05,36661,41203.4
1494029580.06,36220.3,41033.9
1494029640.05,36050.8,41000
1494029700.06,36033.9,41016.9
1494029760.03,36288.1,41050.8
1494029820.04,36152.5,41016.9
1494029880.09,36186.4,41000
1494029940.06,36016.9,40813.6
1494030000.09,36033.9,40796.6
1494030060.06,36000,40779.7
1494030120.11,36016.9,40813.6
1494030180.07,36000,40728.8
1494030240.04,36305.1,40881.4
1494030300.06,36406.8,41016.9
1494030360.08,36694.9,41067.8
1494030420.09,36864.4,41322
1494030480.05,36559.3,41305.1
1494030540.07,36644.1,41084.7
1494030600.07,36339,41050.8
1494030660.04,36949.2,41593.2
1494030720.04,36864.4,41678
1494030780.05,36491.5,41152.5
1494030840.04,36491.5,41101.7
1494030900.04,36050.8,40983.1
1494030960.08,36033.9,40864.4
1494031020.03,36067.8,41033.9
1494031080.01,36203.4,41016.9
1494031140.04,36440.7,41033.9
1494031200.05,36152.5,40983.1
1494031260.06,36084.7,41016.9
1494031320.06,36559.3,41050.8
1494031380.04,36678,41118.6
1494031440.04,36966.1,41644.1
1494031500.05,36983.1,41542.4
1494031560.08,36813.6,41152.5
1494031620.08,36864.4,41203.4
1494031680.06,36118.6,40983.1
1494031740.04,36067.8,40966.1
1494031800.06,36101.7,41000
1494031860.07,36016.9,40949.2
1494031920.05,36101.7,40966.1
1494031980.08,36305.1,41033.9
1494032040.06,36711.9,41101.7
1494032100.04,36474.6,41067.8
1494032160.02,36050.8,40949.2
1494032220.05,36050.8,40949.2
1494032280.06,36016.9,40881.4
1494032340.07,36000,40559.3
1494032400.03,35966.1,40610.2
1494032460.07,36000,40508.5
1494032520.07,36033.9,40728.8
1494032580.06,36203.4,40915.3
1494032640.04,36915.3,41237.3
1494032700.08,37033.9,41593.2
1494032760.07,37033.9,41678
1494032820.03,37050.8,41881.4
1494032880.06,36813.6,41339
1494032940.06,36694.9,41084.7
1494033000.06,36322,41067.8
1494033060.03,36830.5,41542.4
1494033120.1,36288.1,40983.1
1494033180.04,36118.6,41000
1494033240.03,36016.9,41000
1494033300.04,36186.4,41033.9
1494033360.04,36135.6,41033.9
1494033420.09,36288.1,41000
1494033480.02,36000,40915.3
1494033540.05,36000,40610.2
1494033600.05,36000,40813.6
1494033660.05,36000,40864.4
1494033720.05,36423.7,41084.7
1494033780.05,36627.1,41322
1494033840.05,36983.1,41491.5
1494033900.05,36966.1,41237.3
1494033960.1,37016.9,41627.1
1494034020.05,36779.7,41610.2
1494034080.08,36508.5,41169.5
1494034140.06,36457.6,41033.9
1494034200.05,36389.8,41067.8
1494034260.04,36000,40932.2
1494034320.04,36050.8,40864.4
1494034380.07,36050.8,41000
1494034440.04,36084.7,41000
1494034500.04,36203.4,41033.9
1494034560.04,36491.5,41067.8
1494034620.04,36762.7,41237.3
1494034680.07,36898.3,41322
1494034740.06,36491.5,41220.3
1494034800.04,36271.2,41033.9
1494034860.06,36084.7,40966.1
1494034920.05,36000,41000
1494034980.08,36220.3,40932.2
1494035040.05,36711.9,41000
1494035100.07,36440.7,41050.8
1494035160.07,36830.5,41237.3
1494035220.06,36678,41220.3
1494035280.09,36000,40898.3
1494035340.03,36000,41000
1494035400.06,36033.9,40864.4
1494035460.06,36016.9,40932.2
1494035520.04,36067.8,40932.2
1494035580.06,36050.8,41016.9
1494035640.04,36559.3,41050.8
1494035700.03,36237.3,41016.9
1494035760.05,36305.1,41000
1494035820.06,36152.5,41000
1494035880.05,36135.6,41033.9
1494035940.05,36016.9,41000
1494036000.05,36084.7,41016.9
1494036060.04,36000,40932.2
1494036120.06,36016.9,40966.1
1494036180.06,36050.8,40796.6
1494036240.06,36000,40881.4
1494036300.04,36694.9,41406.8
1494036360.05,37000,41949.2
1494036420.07,37016.9,41779.7
1494036480.04,37050.8,41830.5
1494036540.07,36593.2,41288.1
1494036600.06,36000,40847.5
1494036660.03,36016.9,40762.7
1494036720.02,36033.9,40779.7
1494036780.05,36067.8,40915.3
1494036840.09,36000,40932.2
1494036900.03,36101.7,40966.1
1494036960.05,36440.7,41033.9
1494037020.04,36254.2,40983.1
1494037080.07,36118.6,40966.1
1494037140.05,36016.9,40983.1
1494037200.06,36067.8,40949.2
1494037260.09,36000,41000
1494037320.03,36033.9,40779.7
1494037380.07,36033.9,40932.2
1494037440.06,36050.8,40898.3
1494037500.06,36067.8,41000
1494037560.04,36016.9,40966.1
1494037620.03,36033.9,40949.2
1494037680.05,36932.2,41372.9
1494037740.05,36898.3,41440.7
1494037800.06,36949.2,41135.6
1494037860.06,36915.3,41237.3
1494037920.09,36050.8,41000
1494037980.09,36033.9,40966.1
1494038040.05,36067.8,40983.1
1494038100.06,36237.3,41033.9
1494038160.06,36457.6,41203.4
1494038220.06,36762.7,41355.9
1494038280.07,36423.7,41203.4
1494038340.06,36440.7,41016.9
1494038400.04,36322,41016.9
1494038460.05,36101.7,41000
1494038520.04,36118.6,41000
1494038580.07,36016.9,40983.1
1494038640.06,35949.2,40508.5
1494038700.03,36000,40559.3
1494038760.05,36000,40661
1494038820.06,36000,40932.2
1494038880.07,36000,40949.2
1494038940.08,36000,40966.1
1494039000.02,36322,40983.1
1494039060.07,36220.3,41000
1494039120.03,36457.6,41033.9
1494039180.08,36796.6,41186.4
1494039240.03,36322,41084.7
1494039300.04,36440.7,41000
1494039360.08,36186.4,41000
1494039420.05,35983.1,40542.4
1494039480.06,35966.1,40305.1
1494039540.05,36000,40830.5
1494039600.04,36000,40966.1
1494039660.08,36000,40966.1
1494039720.07,36237.3,41067.8
1494039780.06,36118.6,41000
1494039840.04,36305.1,41050.8
1494039900.04,36389.8,41000
1494039960.03,36186.4,41016.9
1494040020.07,36678,41067.8
1494040080.05,36779.7,41322
1494040140.04,36813.6,41101.7
1494040200.04,36525.4,41186.4
1494040260.05,36050.8,41000
1494040320.05,36593.2,41237.3
1494040380.04,36915.3,41593.2
1494040440.07,36881.4,41152.5
1494040500.07,36881.4,41220.3
1494040560.05,36457.6,40983.1
1494040620.05,35983.1,40559.3
1494040680.05,35983.1,40322
1494040740.05,35796.6,40406.8
1494040800.04,36016.9,40559.3
1494040860.07,36016.9,40966.1
1494040920.05,36000,40966.1
1494040980.04,36016.9,40932.2
1494041040.1,36271.2,41050.8
1494041100.07,36796.6,41067.8
1494041160.04,36745.8,41169.5
1494041220.05,36050.8,40966.1
1494041280.03,36067.8,40796.6
1494041340.05,36915.3,41101.7
1494041400.06,36627.1,41118.6
1494041460.08,36627.1,41050.8
1494041520.05,36271.2,40915.3
1494041580.04,36000,40694.9
1494041640.06,36067.8,41000
1494041700.03,36101.7,40983.1
1494041760.04,36220.3,41050.8
1494041820.07,36101.7,40966.1
1494041880.07,36050.8,41000
1494041940.06,36000,40915.3
1494042000.12,36000,40898.3
1494052367.11,36274.5,40902
1494054037.17,44272.7,49545.5
1494054060.21,24043.5,26478.3
1494054120.21,21949.2,24576.3
1494054659.15,22629.6,24944.4
1494054660.18,24000,26000