1493980620000;24819,15212;30214,3;100,768
1493980680000;24895,92061;30633,3;101,467
1493980740000;24972,68909;29616,7;99,4333
1493980800000;25049,45758;30066,7;101,35
1493980860000;25126,22606;29283,3;99,2667
1493980920000;25202,99455;30116,7;100,783
1493980980000;25279,76303;29766,7;99,6833
1493981040000;25356,53152;30433,3;101,333
1493981100000;25433,3;30383,3;101,1
1493981160000;25510,06848;30183,3;100,367
1493981220000;25586,83697;30616,7;100,65
1493981280000;25663,60545;29783,3;100
1493981340000;25740,37394;30416,7;101,467
1493981400000;25817,14242;30583,3;101,133
1493981460000;25893,91091;30433,3;100,983
1493981520000;25970,67939;30783,3;100,633
1493981580000;26047,44788;29516,7;99,8167
1493981640000;26124,21636;30483,3;101,333
1493981700000;26200,98485;29516,7;99,65
1493981760000;26277,75333;30216,7;100,167
1493981820000;26183,3;29700;99,8667
1493981880000;26033,3;29666,7;100,017
1493981940000;26900;30466,7;100,95
1493982000000;26333,3;29716,7;100,033
1493982060000;27483,3;30783,3;101,35
1493982120000;26650;30516,7;100,817
1493982180000;27000;30533,3;101,367
1493982240000;26750;30116,7;100,467
1493982300000;26433,3;30100;99,85
1493982360000;27233,3;30600;101,3
1493982420000;26966,7;30433,3;101,083
1493982480000;26616,7;30233,3;100,417
1493982540000;28700;32100;103,517
1493982600000;28350;31700;102,867
1493982660000;27366,7;30683,3;101,6
1493982720000;28583,3;32033,3;103,45
1493982780000;28533,3;5000;102,967
1493982840000;27583,3;5000;101,383
1493982900000;28700;5000;103,2
1493982960000;28533,3;5000;103,15
1493983020000;28216,7;5000;103,183
1493983080000;28616,7;5000;102,917
1493983140000;27483,3;5000;102,067
1493983200000;28016,7;5000;102,667
1493983260000;26750;5000;101,15
1493983320000;27916,7;5000;102,283
1493983380000;28266,7;5000;101,933
1493983440000;27900;5000;102,533
1493983500000;28050;5000;102,783
1493983560000;28566,7;5000;102,617
1493983620000;28533,3;5000;102,85
1493983680000;28666,7;5000;103,7
1493983740000;29333,3;5000;104,45
1493983800000;29300;5000;104,2
1493983860000;28816,7;5000;103,317
1493983920000;29000;5000;103,65
1493983980000;29350;5000;105,4
1493984040000;29083,3;5000;104,267
1493984100000;29183,3;5000;104,083
1493984160000;29500;5000;104,133
1493984220000;28633,3;31916,7;103,267
1493984280000;29333,3;32583,3;104,667
1493984340000;29283,3;32466,7;104,483
1493984400000;28483,3;31533,3;102,417
1493984460000;29216,7;32566,7;103,9
1493984520000;29400;32616,7;104,767
1493984580000;28800;32016,7;103,7
1493984640000;29400;32733,3;103,9
1493984700000;28483,3;31966,7;102,833
1493984760000;28883,3;32116,7;103,5
1493984820000;29750;32983,3;105,417
1493984880000;28483,3;31800;103,133
1493984940000;29466,7;32683,3;104,417
1493985000000;29316,7;32616,7;103,767
1493985060000;28866,7;32200;103,533
1493985120000;29466,7;32483,3;104,583
1493985180000;28500;31750;102,8
1493985240000;29383,3;32483,3;103,9
1493985300000;29533,3;32866,7;104,55
1493985360000;28600;32450;103,867
1493985420000;29366,7;32483,3;104,717
1493985480000;28216,7;30316,7;101,967
1493985540000;27866,7;29866,7;101,5
1493985600000;27633,3;29983,3;101,5
1493985660000;26133,3;28850;99,25
1493985720000;27133,3;29550;101,45
1493985780000;26166,7;28933,3;99,4
1493985840000;25883,3;28700;99,2167
1493985900000;25300;27850;98,45
1493985960000;27716,7;30216,7;101,633
1493986020000;31650;35216,7;110,417
1493986080000;31283,3;34716,7;109,017
1493986140000;30650;34016,7;107,733
1493986200000;31850;34900;109,917
1493986260000;29916,7;33200;105,917
1493986320000;30383,3;33533,3;106,817
1493986380000;30300;33400;106,083
1493986440000;29733,3;33000;104,95
1493986500000;30816,7;34100;108,15
1493986560000;30633,3;33766,7;107,3
1493986620000;30583,3;33916,7;106,883
1493986680000;31416,7;34666,7;108,917
1493986740000;30400;33500;106,367
1493986800000;31550;34583,3;108,6
1493986860000;30483,3;33750;107,05
1493986920000;31200;34316,7;108,25
1493986980000;29400;32983,3;104,75
1493987040000;29450;33016,7;104,85
1493987100000;29633,3;33200;105,183
1493987160000;29250;32783,3;104,517
1493987220000;29833,3;33383,3;105,15
1493987280000;28583,3;32233,3;102,9
1493987340000;29433,3;32833,3;104,1
1493987400000;29366,7;32750;104,4
1493987460000;29383,3;32866,7;104,867
1493987520000;29983,3;33333,3;104,35
1493987580000;29600;32966,7;104,1
1493987640000;32633,3;35783,3;112,583
1493987700000;31616,7;34816,7;110,417
1493987760000;33116,7;36100;113,233
1493987820000;32833,3;35933,3;112,017
1493987880000;33116,7;36066,7;111,25
1493987940000;32966,7;36033,3;111,417
1493988000000;32283,3;35333,3;109,75
1493988060000;32766,7;35850;111,55
1493988120000;33083,3;36066,7;111,667
1493988180000;32083,3;35183,3;109,367
1493988240000;32516,7;35650;111,133
1493988300000;32650;35716,7;112,217
1493988360000;31666,7;34716,7;109,25
1493988420000;32833,3;35800;112,05
1493988480000;32716,7;35833,3;111,033
1493988540000;32166,7;35383,3;110,383
1493988600000;32566,7;35616,7;111,233
1493988660000;31483,3;34616,7;108,217
1493988720000;32566,7;35550;111,433
1493988780000;32233,3;35366,7;110,017
1493988840000;32100;35183,3;110
1493988900000;33283,3;36283,3;112,45
1493988960000;32766,7;35700;111,133
1493989020000;33200;36166,7;112,3
1493989080000;33200;36166,7;112,85
1493989140000;32900;35866,7;111,983
1493989200000;33016,7;35933,3;112,45
1493989260000;32250;35266,7;110,817
1493989320000;32216,7;35200;111,05
1493989380000;32066,7;34916,7;109,7
1493989440000;31300;34300;107,2
1493989500000;32333,3;35283,3;110,2
1493989560000;31083,3;34233,3;106,583
1493989620000;32250;35150;109,917
1493989680000;31483,3;34416,7;107,617
1493989740000;32616,7;35533,3;110,633
1493989800000;31733,3;34816,7;108,55
1493989860000;32466,7;35433,3;111,233
1493989920000;32200;35283,3;110,45
1493989980000;32750;35866,7;111,867
1493990040000;33066,7;36083,3;111,783
1493990100000;32700;36200;111,833
1493990160000;33533,3;36866,7;113,717
1493990220000;32866,7;36116,7;112,083
1493990280000;32933,3;36133,3;111,483
1493990340000;33516,7;36416,7;113,167
1493990400000;32100;35300;109,333
1493990460000;33400;36316,7;112,467
1493990520000;32166,7;35233,3;109,4
1493990580000;32433,3;35316,7;110,217
1493990640000;31800;34766,7;109,1
1493990700000;32433,3;35466,7;110,083
1493990760000;32916,7;35950;112,833
1493990820000;32350;35366,7;110,017
1493990880000;32850;35900;112,333
1493990940000;36683,3;39850;125,05
1493991000000;42400;45433,3;143,133
1493991060000;41516,7;44883,3;141,333
1493991120000;42316,7;45433,3;142,467
1493991180000;41450;44700;141,133
1493991240000;41800;45083,3;141,517
1493991300000;40500;44166,7;138,283
1493991360000;38550;42416,7;132,133
1493991420000;39500;43300;135,95
1493991480000;38833,3;42633,3;132,95
1493991540000;39316,7;43066,7;135,1
1493991600000;38766,7;42600;133,317
1493991660000;38883,3;42683,3;133,317
1493991720000;39883,3;43500;136,233
1493991780000;39350;43033,3;133,633
1493991840000;40233,3;43550;136,717
1493991900000;40166,7;43683,3;136,183
1493991960000;39650;43283,3;135,55
1493992020000;40700;44283,3;139,183
1493992080000;40316,7;43900;137,167
1493992140000;39766,7;43633,3;135,65
1493992200000;40400;43883,3;137,317
1493992260000;39816,7;43433,3;136,45
1493992320000;40200;43916,7;137,3
1493992380000;40016,7;43100;135,783
1493992440000;39200;42316,7;134,267
1493992500000;38516,7;41750;131,65
1493992560000;39533,3;42616,7;135,633
1493992620000;39050;42483,3;133,6
1493992680000;39066,7;42666,7;133,783
1493992740000;39633,3;43083,3;135,983
1493992800000;38400;42166,7;133,45
1493992860000;39900;43383,3;137,35
1493992920000;40050;43316,7;137,65
1493992980000;39533,3;42550;135,35
1493993040000;40233,3;43183,3;137,233
1493993100000;39850;42866,7;137,25
1493993160000;39766,7;43000;137
1493993220000;40133,3;43766,7;138,683
1493993280000;39800;43466,7;137,683
1493993340000;39683,3;43266,7;135,883
1493993400000;40800;44283,3;138,35
1493993460000;36616,7;40516,7;124,133
1493993520000;38000;41616,7;129,9
1493993580000;37250;41083,3;127,183
1493993640000;36433,3;40016,7;125,017
1493993700000;37283,3;40666,7;127,833
1493993760000;37183,3;40566,7;127,817
1493993820000;35916,7;39550;123,883
1493993880000;41566,7;44633,3;140
1493993940000;41083,3;44366,7;143,733
1493994000000;31466,7;34333,3;106,15
1493994060000;32433,3;35100;109,283
1493994120000;32350;35166,7;110,05
1493994180000;32050;34666,7;108,283
1493994240000;32783,3;35283,3;110,317
1493994300000;33500;36000;112,683
1493994360000;33400;36116,7;111,783
1493994420000;35766,7;38683,3;123,217
1493994480000;35616,7;38600;122,617
1493994540000;34516,7;37500;117,033
1493994600000;35383,3;38383,3;121,317
1493994660000;35483,3;38433,3;121,167
1493994720000;34650;37666,7;118,517
1493994780000;35600;38550;121,767
1493994840000;35183,3;38266,7;120,917
1493994900000;34766,7;37783,3;118,033
1493994960000;70000;40516,7;130,283
1493995020000;70000;38900;123,883
1493995080000;70000;37766,7;117,95
1493995140000;70000;47200;141,683
1493995200000;70000;39900;125,4
1493995260000;70000;40166,7;127,983
1493995320000;70000;43183,3;138,883
1493995380000;70000;41116,7;132,183
1493995440000;70000;41133,3;132,783
1493995500000;70000;42616,7;137,683
1493995560000;70000;41483,3;132,883
1493995620000;70000;41900;134,667
1493995680000;70000;40850;129,417
1493995740000;70000;40800;130,35
1493995800000;70000;41600;130,5
1493995860000;70000;40950;128,15
1493995920000;70000;40883,3;128,45
1493995980000;70000;41316,7;131,367
1493996040000;70000;40416,7;126,95
1493996100000;70000;40683,3;127,883
1493996160000;70000;39983,3;125,633
1493996220000;70000;40600;128,217
1493996280000;70000;40183,3;125,9
1493996340000;70000;40516,7;128,167
1493996400000;70000;40616,7;129,117
1493996460000;70000;40516,7;129,25
1493996520000;38300;41316,7;132,483
1493996580000;37533,3;40633,3;128,033
1493996640000;38600;41533,3;132,083
1493996700000;37483,3;40483,3;127,533
1493996760000;38116,7;41033,3;130,883
1493996820000;38416,7;41333,3;132,117
1493996880000;37616,7;40633,3;129,25
1493996940000;38316,7;41233,3;131,467
1493997000000;39433,3;42566,7;136,367
1493997060000;39333,3;42466,7;134,183
1493997120000;40716,7;44033,3;138,133
1493997180000;40883,3;44250;137,933
1493997240000;38283,3;41500;130,3
1493997300000;38766,7;41866,7;131,667
1493997360000;38383,3;41466,7;131,333
1493997420000;38116,7;41116,7;131,2
1493997480000;37416,7;40533,3;127,933
1493997540000;36700;39666,7;123,767
1493997600000;37416,7;40533,3;127,017
1493997660000;36900;40050;125,85
1493997720000;37416,7;40600;126,983
1493997780000;37316,7;40416,7;127,583
1493997840000;36900;40000;126,75
1493997900000;37900;40900;129,983
1493997960000;37883,3;40883,3;129,75
1493998020000;38450;41450;132,1
1493998080000;39216,7;42016,7;134,967
1493998140000;39616,7;42516,7;136,717
1493998200000;39300;42266,7;135,467
1493998260000;38983,3;41950;132,833
1493998320000;39166,7;42116,7;132,417
1493998380000;38850;41850;132,133
1493998440000;38666,7;41700;132,383
1493998500000;38333,3;41316,7;131,25
1493998560000;38350;41333,3;131,55
1493998620000;38433,3;41450;130,917
1493998680000;39033,3;41983,3;134,917
1493998740000;38200;41166,7;130,883
1493998800000;38983,3;41950;132,083
1493998860000;39000;41933,3;131,533
1493998920000;38250;41250;131,483
1493998980000;38766,7;41933,3;134,183
1493999040000;38000;41200;131,483
1493999100000;39133,3;42233,3;133,917
1493999160000;37916,7;41066,7;128,267
1493999220000;38333,3;41316,7;130,3
1493999280000;37100;40266,7;125,45
1493999340000;38216,7;41233,3;129,717
1493999400000;37583,3;40616,7;129,533
1493999460000;38916,7;42000;132,85
1493999520000;38183,3;41333,3;129,833
1493999580000;38933,3;42050;132,05
1493999640000;40066,7;43016,7;136,517
1493999700000;39966,7;42983,3;136,217
1493999760000;39866,7;42850;135,833
1493999820000;40133,3;43183,3;135,067
1493999880000;40666,7;43600;137,167
1493999940000;37866,7;40950;130,733
1494000000000;38583,3;41683,3;134,35
1494000060000;38866,7;41883,3;131,483
1494000120000;38633,3;41633,3;130,883
1494000180000;39416,7;42566,7;136,183
1494000240000;43850;46950;148,183
1494000300000;38566,7;41800;132,05
1494000360000;39416,7;42533,3;135,417
1494000420000;40583,3;44250;136,05
1494000480000;42333,3;46183,3;142,217
1494000540000;42450;46300;140
1494000600000;40233,3;43983,3;137,383
1494000660000;41800;45616,7;142,95
1494000720000;41050;44900;138,617
1494000780000;39300;43083,3;137,067
1494000840000;38816,7;42200;132,083
1494000900000;42833,3;47433,3;141,8
1494000960000;45033,3;49466,7;149,383
1494001020000;40333,3;44216,7;136,217
1494001080000;40316,7;44400;134,85
1494001140000;40800;44433,3;135,717
1494001200000;40566,7;44683,3;137,75
1494001260000;43550;48083,3;147,55
1494001320000;40983,3;45016,7;137,817
1494001380000;39650;43266,7;137,333
1494001440000;41366,7;45300;137,25
1494001500000;40533,3;44450;134,2
1494001560000;40266,7;44283,3;133,75
1494001620000;38566,7;41883,3;132,2
1494001680000;37800;40800;130,017
1494001740000;40766,7;43883,3;138,633
1494001800000;38216,7;41283,3;131,583
1494001860000;38050;41050;132,25
1494001920000;43283,3;46266,7;145,883
1494001980000;51216,7;54250;179,567
1494002040000;43616,7;46683,3;151,467
1494002100000;39666,7;42733,3;133,717
1494002160000;38833,3;41866,7;133,567
1494002220000;37933,3;40983,3;130
1494002280000;36800;39800;126,067
1494002340000;36433,3;39416,7;123,9
1494002400000;37500;40466,7;127,817
1494002460000;36466,7;39433,3;400
1494002520000;37100;40150;400
1494002580000;37183,3;40200;400
1494002640000;37250;40250;400
1494002700000;37333,3;40283,3;400
1494002760000;37766,7;40850;400
1494002820000;38683,3;41850;400
1494002880000;37500;40583,3;400
1494002940000;36866,7;40100;400
1494003000000;37000;39983,3;400
1494003060000;36250;39083,3;400
1494003120000;38016,7;40950;400
1494003180000;39283,3;42383,3;400
1494003240000;38466,7;41533,3;400
1494003300000;39266,7;42483,3;400
1494003360000;38983,3;42116,7;400
1494003420000;40766,7;43850;400
1494003480000;40633,3;43950;400
1494003540000;41000;44333,3;400
1494003600000;41866,7;45083,3;400
1494003660000;43266,7;46750;400
1494003720000;41966,7;45516,7;400
1494003780000;42066,7;45316,7;400
1494003840000;42216,7;45500;400
1494003900000;43983,3;47333,3;400
1494003960000;45150;48283,3;400
1494004020000;45333,3;48250;400
1494004080000;45900;48816,7;400
1494004140000;45816,7;48716,7;149,4
1494004200000;44916,7;47766,7;145,717
1494004260000;45666,7;48500;148,883
1494004320000;45100;47800;147,95
1494004380000;46150;48666,7;151,217
1494004440000;46900;49483,3;152,35
1494004500000;48583,3;51616,7;165,267
1494004560000;49950;53583,3;188,183
1494004620000;53333,3;57650;189,283
1494004680000;49750;53116,7;167,717
1494004740000;48950;52600;170,6
1494004800000;46633,3;49633,3;155,717
1494004860000;49933,3;54133,3;170,567
1494004920000;49150;52950;174,583
1494004980000;46700;49800;154,383
1494005040000;43866,7;46650;142,05
1494005100000;45550;48900;146,65
1494005160000;46266,7;49633,3;150,45
1494005220000;46916,7;50183,3;149,133
1494005280000;48883,3;52083,3;166,767
1494005340000;45116,7;47833,3;146,583
1494005400000;44533,3;47166,7;146,467
1494005460000;44100;46866,7;145,217
1494005520000;45100;47766,7;146,65
1494005580000;45883,3;48466,7;146,433
1494005640000;45383,3;48050;146,167
1494005700000;44633,3;47600;145,717
1494005760000;45866,7;48933,3;148,65
1494005820000;44566,7;47600;146,417
1494005880000;43850;46883,3;145,617
1494005940000;44116,7;46950;144,233
1494006000000;43433,3;46250;143,917
1494006060000;43900;46733,3;144,567
1494006120000;43750;46450;144,467
1494006180000;44916,7;47533,3;146,383
1494006240000;45116,7;47966,7;147,15
1494006300000;46550;49433,3;148,567
1494006360000;47683,3;50666,7;153,383
1494006420000;47350;50200;151,15
1494006480000;53250;57400;190,9
1494006540000;56266,7;61216,7;193,517
1494006600000;54466,7;58966,7;188,55
1494006660000;46333,3;48983,3;149,967
1494006720000;47200;50050;153,05
1494006780000;46533,3;49316,7;149,917
1494006840000;46300;48983,3;153,167
1494006900000;49050;52183,3;156,35
1494006960000;47983,3;50750;158,9
1494007020000;49650;53016,7;170,05
1494007080000;50666,7;54150;178,7
1494007140000;48266,7;51266,7;160,233
1494007200000;45666,7;48216,7;150,8
1494007260000;45000;47516,7;144,283
1494007320000;46133,3;48583,3;147,9
1494007380000;44333,3;46900;144,217
1494007440000;45100;47683,3;147,767
1494007500000;43966,7;46583,3;144,4
1494007560000;43666,7;46366,7;144,517
1494007620000;43583,3;46266,7;142,817
1494007680000;45000;47683,3;147
1494007740000;43200;45816,7;144,367
1494007800000;44033,3;46683,3;145,55
1494007860000;43833,3;46450;146,283
1494007920000;44050;46616,7;143
1494007980000;43450;46233,3;143,6
1494008040000;45033,3;47633,3;147,583
1494008100000;44583,3;47216,7;146,9
1494008160000;46050;48616,7;147,233
1494008220000;45633,3;48300;146,683
1494008280000;45900;48550;146,533
1494008340000;45616,7;48316,7;148,6
1494008400000;45933,3;48433,3;148,717
1494008460000;44750;47316,7;146,7
1494008520000;52416,7;56300;183,95
1494008580000;54433,3;58583,3;194,867
1494008640000;53283,3;57416,7;193,65
1494008700000;52500;56600;191,2
1494008760000;52400;56016,7;192,667
1494008820000;51833,3;55500;191,25
1494008880000;52966,7;56616,7;194,2
1494008940000;53266,7;57000;194,217
1494009000000;53633,3;57316,7;194,967
1494009060000;53833,3;57550;194,683
1494009120000;53700;57383,3;194,383
1494009180000;52650;56533,3;193,033
1494009240000;46950;49866,7;167,35
1494009300000;49266,7;51500;167,133
1494009360000;48983,3;51366,7;157,133
1494009420000;49433,3;51700;162,817
1494009480000;49083,3;51366,7;163,917
1494009540000;45783,3;48150;155,05
1494009600000;43500;46083,3;144,433
1494009660000;45383,3;47966,7;145,617
1494009720000;44033,3;46700;145,333
1494009780000;44333,3;46883,3;144,017
1494009840000;44300;46900;144,167
1494009900000;44566,7;47100;146,167
1494009960000;45350;47850;145,883
1494010020000;45850;48266,7;149,15
1494010080000;44850;47416,7;145,017
1494010140000;46816,7;49083,3;148,967
1494010200000;46516,7;48883,3;147,267
1494010260000;46016,7;48483,3;148,5
1494010320000;45600;48066,7;147,483
1494010380000;46316,7;48766,7;149,1
1494010440000;45100;47616,7;145,6
1494010500000;44500;46683,3;145,35
1494010560000;44233,3;46433,3;145,017
1494010620000;44766,7;46983,3;144,55
1494010680000;44333,3;46600;145,95
1494010740000;43966,7;46233,3;144,117
1494010800000;41450;43766,7;140,817
1494010860000;41883,3;44216,7;142,167
1494010920000;41900;44183,3;141,4
1494010980000;41516,7;43933,3;141,233
1494011040000;42066,7;44233,3;141,483
1494011100000;41333,3;43433,3;139,733
1494011160000;41316,7;43700;139,717
1494011220000;40683,3;43066,7;138,45
1494011280000;40883,3;43150;138,633
1494011340000;40433,3;42700;138,65
1494011400000;41283,3;43616,7;140,4
1494011460000;41100;43466,7;140,2
1494011520000;41483,3;43733,3;141,167
1494011580000;41200;43516,7;139,8
1494011640000;41683,3;43916,7;141,167
1494011700000;41200;43500;140,267
1494011760000;41816,7;44316,7;141,2
1494011820000;41550;43883,3;140,517
1494011880000;41816,7;44233,3;141,633
1494011940000;41400;43866,7;140,783
1494012000000;42250;44716,7;141,633
1494012060000;42283,3;44650;142,2
1494012120000;42783,3;45233,3;144,817
1494012180000;41966,7;44366,7;139,567
1494012240000;38633,3;41250;133,683
1494012300000;38816,7;41200;133,15
1494012360000;38133,3;40450;131,767
1494012420000;38466,7;41100;132,133
1494012480000;38383,3;40950;131,95
1494012540000;39916,7;42233,3;137,367
1494012600000;38983,3;5000;133,983
1494012660000;39550;5000;135,767
1494012720000;39366,7;5000;135,2
1494012780000;39683,3;5000;136,283
1494012840000;38150;5000;131,633
1494012900000;38350;5000;132
1494012960000;37166,7;5000;129,183
1494013020000;39783,3;5000;133,917
1494013080000;39233,3;5000;133,767
1494013140000;40116,7;5000;135,817
1494013200000;40816,7;5000;137,067
1494013260000;42733,3;5000;146,833
1494013320000;56016,7;5000;197,383
1494013380000;43416,7;5000;147,85
1494013440000;40416,7;5000;137,4
1494013500000;40433,3;5000;137,967
1494013560000;39533,3;5000;133,833
1494013620000;39700;5000;135,35
1494013680000;39566,7;5000;135,067
1494013740000;39716,7;5000;134,917
1494013800000;39633,3;5000;135,133
1494013860000;39700;5000;135,6
1494013920000;40150;5000;137,05
1494013980000;40283,3;5000;136,05
1494014040000;40150;44366,7;136,933
1494014100000;40033,3;44283,3;136,283
1494014160000;40366,7;44466,7;138,067
1494014220000;40583,3;44616,7;138,917
1494014280000;40833,3;44900;140,583
1494014340000;40633,3;44750;139,067
1494014400000;40633,3;44566,7;138,017
1494014460000;40216,7;44183,3;136,833
1494014520000;39466,7;43433,3;134,233
1494014580000;39566,7;43500;134,917
1494014640000;39400;43350;134,033
1494014700000;39500;43516,7;135,467
1494014760000;39483,3;43450;134,85
1494014820000;39550;43650;135,917
1494014880000;39700;43766,7;135,85
1494014940000;39966,7;44116,7;137,367
1494015000000;39666,7;43966,7;136,3
1494015060000;39683,3;43750;136,567
1494015120000;39550;43550;135,45
1494015180000;40466,7;44450;139,8
1494015240000;40366,7;44350;139,933
1494015300000;40483,3;44466,7;139,2
1494015360000;40383,3;44383,3;137,917
1494015420000;40133,3;44133,3;136,467
1494015480000;39366,7;43450;135,767
1494015540000;39983,3;44033,3;136,717
1494015600000;38750;43100;133,483
1494015660000;35016,7;40383,3;116,933
1494015720000;35550;40316,7;121,117
1494015780000;35500;40283,3;121,217
1494015840000;35700;40333,3;121,633
1494015900000;35783,3;40333,3;121,833
1494015960000;35983,3;40400;122,583
1494016020000;36216,7;40483,3;122,75
1494016080000;36283,3;40500;123,017
1494016140000;36400;40983,3;122,717
1494016200000;36433,3;41300;123,6
1494016260000;36700;41350;124,533
1494016320000;36750;41416,7;124,5
1494016380000;37050;41733,3;125,15
1494016440000;36400;41200;122,733
1494016500000;36400;40933,3;122,9
1494016560000;36316,7;40883,3;122
1494016620000;36333,3;41016,7;122,05
1494016680000;36333,3;40783,3;119,883
1494016740000;36200;40600;115,933
1494016800000;36183,3;40750;116,733
1494016860000;35900;40366,7;115,567
1494016920000;35883,3;40383,3;114,783
1494016980000;35716,7;40316,7;114,333
1494017040000;35950;40383,3;114,667
1494017100000;35916,7;40500;115,183
1494017160000;36433,3;41233,3;119,25
1494017220000;36416,7;41150;121,683
1494017280000;36400;41250;123,583
1494017340000;36550;41333,3;122,633
1494017400000;36400;41033,3;122,133
1494017460000;36233,3;40900;121,383
1494017520000;36083,3;40566,7;120,833
1494017580000;35966,7;40466,7;120,183
1494017640000;36366,7;40550;120,817
1494017700000;36350;40800;121,617
1494017760000;36383,3;40833,3;121,7
1494017820000;36416,7;41183,3;122,2
1494017880000;36416,7;41316,7;123,1
1494017940000;36383,3;41266,7;122,75
1494018000000;36433,3;41216,7;122,2
1494018060000;36350;40866,7;121,3
1494018120000;36433,3;40983,3;120,067
1494018180000;36416,7;41266,7;123,5
1494018240000;36400;41116,7;122,8
1494018300000;36416,7;41183,3;122,4
1494018360000;36666,7;41416,7;123,817
1494018420000;36350;40883,3;121,517
1494018480000;36333,3;40866,7;121,95
1494018540000;36333,3;40816,7;121,317
1494018600000;35750;40466,7;116,3
1494018660000;35800;40333,3;115,967
1494018720000;35500;40316,7;115,133
1494018780000;35483,3;40250;114,983
1494018840000;35666,7;40350;115,833
1494018900000;35866,7;40483,3;116,75
1494018960000;36383,3;41066,7;119,133
1494019020000;36383,3;40966,7;117,95
1494019080000;36400;41066,7;121
1494019140000;36783,3;41316,7;123,717
1494019200000;37050;41350;124,75
1494019260000;36816,7;41366,7;124,367
1494019320000;36900;41333,3;123,65
1494019380000;36450;41233,3;121,867
1494019440000;36300;40833,3;117,217
1494019500000;36316,7;40950;117,25
1494019560000;36466,7;41250;118,983
1494019620000;36433,3;41066,7;118,783
1494019680000;36250;40766,7;116,3
1494019740000;36316,7;40700;117,267
1494019800000;35850;40516,7;115,967
1494019860000;35583,3;40350;115,533
1494019920000;35683,3;40350;115,567
1494019980000;35633,3;40316,7;114,567
1494020040000;35716,7;40333,3;112,8
1494020100000;35616,7;40366,7;113,833
1494020160000;36233,3;40883,3;115,8
1494020220000;36500;41333,3;120,067
1494020280000;36533,3;41300;120,817
1494020340000;36400;41233,3;120,667
1494020400000;36500;41333,3;120,633
1494020460000;36233,3;40833,3;117,933
1494020520000;36383,3;41216,7;119,85
1494020580000;36400;41300;120,283
1494020640000;36333,3;40650;118,533
1494020700000;36400;41016,7;119,067
1494020760000;36233,3;40650;117,367
1494020820000;36166,7;40666,7;117,333
1494020880000;36283,3;40633,3;118,467
1494020940000;36016,7;40400;116,933
1494021000000;36016,7;40466,7;116,8
1494021060000;35733,3;40316,7;115,5
1494021120000;35783,3;40316,7;115,35
1494021180000;35516,7;40333,3;114,933
1494021240000;36250;40816,7;117,25
1494021300000;36383,3;41250;118,267
1494021360000;36583,3;41350;119,833
1494021420000;36633,3;41333,3;120,817
1494021480000;36683,3;41150;119,483
1494021540000;36133,3;40466,7;116,783
1494021600000;36333,3;41050;117,9
1494021660000;36350;40966,7;117,6
1494021720000;36350;40800;116,75
1494021780000;36166,7;40816,7;116,567
1494021840000;36050;40483,3;116,217
1494021900000;36383,3;40716,7;117,417
1494021960000;36383,3;40833,3;117,917
1494022020000;36383,3;40766,7;117,917
1494022080000;36333,3;40550;117,1
1494022140000;36100;40516,7;115,8
1494022200000;36316,7;40500;116,5
1494022260000;36216,7;40866,7;117,35
1494022320000;36466,7;41283,3;120,183
1494022380000;36383,3;41266,7;118,583
1494022440000;36516,7;41183,3;119,4
1494022500000;36450;41283,3;121,167
1494022560000;36116,7;40533,3;116,55
1494022620000;35650;40350;115
1494022680000;35916,7;40400;116,183
1494022740000;36066,7;40483,3;116,133
1494022800000;35966,7;40683,3;115,217
1494022860000;36150;40466,7;113,65
1494022920000;35750;40416,7;113,65
1494022980000;35683,3;40383,3;113,45
1494023040000;36216,7;40633,3;114,6
1494023100000;36366,7;41033,3;117,1
1494023160000;36216,7;40550;114,433
1494023220000;36083,3;40533,3;114,65
1494023280000;36183,3;40400;114,867
1494023340000;36283,3;40900;116,083
1494023400000;36400;41216,7;117,683
1494023460000;36383,3;41033,3;116,267
1494023520000;36416,7;41250;118,033
1494023580000;36500;41150;117,033
1494023640000;36333,3;40500;114,8
1494023700000;36250;40516,7;114,667
1494023760000;36433,3;40950;116,383
1494023820000;36350;40983,3;115,867
1494023880000;36383,3;41116,7;115,283
1494023940000;36383,3;41183,3;116,083
1494024000000;36250;40700;114,967
1494024060000;36000;40350;114,067
1494024120000;35866,7;40566,7;114,633
1494024180000;35633,3;40350;113,733
1494024240000;35733,3;40350;113,55
1494024300000;35683,3;40333,3;113,417
1494024360000;35983,3;40400;114,05
1494024420000;36216,7;40916,7;115,983
1494024480000;36433,3;41266,7;117,467
1494024540000;36383,3;41033,3;117,1
1494024600000;36383,3;40966,7;115,817
1494024660000;36350;41033,3;117,5
1494024720000;36000;40366,7;116,733
1494024780000;36216,7;40783,3;117,383
1494024840000;36366,7;40766,7;117,55
1494024900000;36400;41083,3;118,417
1494024960000;36366,7;41083,3;118,117
1494025020000;36366,7;40966,7;118,05
1494025080000;36316,7;40766,7;117,183
1494025140000;35633,3;40366,7;115,3
1494025200000;35450;40316,7;114,783
1494025260000;35516,7;40316,7;114,8
1494025320000;35900;40400;116,067
1494025380000;35583,3;40316,7;115,233
1494025440000;35633,3;40333,3;115,233
1494025500000;36100;40750;116,75
1494025560000;36550;41316,7;119,917
1494025620000;36466,7;41300;119,633
1494025680000;36550;41333,3;119,617
1494025740000;36383,3;41183,3;118,833
1494025800000;35616,7;40283,3;115,017
1494025860000;35400;40300;114,333
1494025920000;35466,7;40283,3;113,717
1494025980000;35500;40316,7;114,783
1494026040000;35433,3;40316,7;114,05
1494026100000;35616,7;40300;114,483
1494026160000;35950;40483,3;114,483
1494026220000;35916,7;40383,3;115,467
1494026280000;36166,7;40533,3;116,217
1494026340000;36366,7;40883,3;117,267
1494026400000;36216,7;40650;115,95
1494026460000;36216,7;40650;116,033
1494026520000;36066,7;40366,7;115,917
1494026580000;35933,3;40350;115,683
1494026640000;35466,7;40316,7;113,667
1494026700000;35633,3;40366,7;114,883
1494026760000;36333,3;40816,7;117,767
1494026820000;36366,7;40916,7;116,533
1494026880000;36400;41066,7;117,467
1494026940000;36383,3;41233,3;117,7
1494027000000;35950;40516,7;115,717
1494027060000;35400;40033,3;112,867
1494027120000;35466,7;40250;113,95
1494027180000;35450;40316,7;114,183
1494027240000;35433,3;40316,7;113,55
1494027300000;35550;40316,7;114,75
1494027360000;35433,3;40300;113,917
1494027420000;35650;40383,3;115,033
1494027480000;35766,7;40383,3;115,333
1494027540000;35533,3;40316,7;114,6
1494027600000;35416,7;40283,3;113,2
1494027660000;35433,3;39850;112,35
1494027720000;35400;40133,3;113,533
1494027780000;35400;40116,7;113,717
1494027840000;35450;40316,7;114,117
1494027900000;36000;40766,7;116,7
1494027960000;36466,7;41300;118,9
1494028020000;36566,7;41316,7;118,9
1494028080000;37216,7;41533,3;121,583
1494028140000;36950;41500;120,267
1494028200000;36566,7;41333,3;119,283
1494028260000;36283,3;40783,3;116,883
1494028320000;35616,7;40366,7;114,183
1494028380000;35450;40316,7;113,217
1494028440000;35400;40083,3;112,7
1494028500000;35400;39750;111,767
1494028560000;35366,7;39616,7;111,967
1494028620000;35383,3;39666,7;111,75
1494028680000;35483,3;40250;113,533
1494028740000;35450;40316,7;113,167
1494028800000;35566,7;40283,3;112,867
1494028860000;35550;40316,7;112,35
1494028920000;35433,3;40316,7;112,133
1494028980000;35400;40266,7;111,917
1494029040000;35633,3;40383,3;112,033
1494029100000;36183,3;40633,3;114,233
1494029160000;36166,7;40400;113,667
1494029220000;36383,3;40933,3;115,3
1494029280000;36333,3;41050;115,367
1494029340000;36233,3;40650;114,25
1494029400000;35966,7;40600;113,85
1494029460000;35866,7;40483,3;113,617
1494029520000;36050;40516,7;113,633
1494029580000;35616,7;40350;112,55
1494029640000;35450;40316,7;112,733
1494029700000;35433,3;40333,3;113,017
1494029760000;35683,3;40366,7;113,383
1494029820000;35550;40333,3;112,433
1494029880000;35583,3;40316,7;112,183
1494029940000;35416,7;40133,3;111,517
1494030000000;35433,3;40116,7;111,083
1494030060000;35400;40100;111,083
1494030120000;35416,7;40133,3;112,133
1494030180000;35400;40050;111,533
1494030240000;35700;40200;112,367
1494030300000;35800;40333,3;112,867
1494030360000;36083,3;40383,3;114,183
1494030420000;36250;40633,3;114,267
1494030480000;35950;40616,7;114,417
1494030540000;36033,3;40400;113,817
1494030600000;35733,3;40366,7;113,533
1494030660000;36333,3;40900;114,783
1494030720000;36250;40983,3;114,083
1494030780000;35883,3;40466,7;113,9
1494030840000;35883,3;40416,7;113,117
1494030900000;35450;40300;112,45
1494030960000;35433,3;40183,3;111,933
1494031020000;35466,7;40350;112,35
1494031080000;35600;40333,3;113,25
1494031140000;35833,3;40350;113,283
1494031200000;35550;40300;112,667
1494031260000;35483,3;40333,3;112,35
1494031320000;35950;40366,7;113,417
1494031380000;36066,7;40433,3;113,083
1494031440000;36350;40950;116,5
1494031500000;36366,7;40850;115,25
1494031560000;36200;40466,7;114,55
1494031620000;36250;40516,7;114,733
1494031680000;35516,7;40300;112,567
1494031740000;35466,7;40283,3;112,333
1494031800000;35500;40316,7;112,367
1494031860000;35416,7;40266,7;112,517
1494031920000;35500;40283,3;111,9
1494031980000;35700;40350;113,65
1494032040000;36100;40416,7;114,483
1494032100000;35866,7;40383,3;113,767
1494032160000;35450;40266,7;113,3
1494032220000;35450;40266,7;112,717
1494032280000;35416,7;40200;112,383
1494032340000;35400;39883,3;112
1494032400000;35366,7;39933,3;112,267
1494032460000;35400;39833,3;111,75
1494032520000;35433,3;40050;112,2
1494032580000;35600;40233,3;113,333
1494032640000;36300;40550;115,483
1494032700000;36416,7;40900;116,783
1494032760000;36416,7;40983,3;116,167
1494032820000;36433,3;41183,3;117,1
1494032880000;36200;40650;115,083
1494032940000;36083,3;40400;113,967
1494033000000;35716,7;40383,3;113,867
1494033060000;36216,7;40850;114,633
1494033120000;35683,3;40300;113,167
1494033180000;35516,7;40316,7;113,367
1494033240000;35416,7;40316,7;112,617
1494033300000;35583,3;40350;113,233
1494033360000;35533,3;40350;112,9
1494033420000;35683,3;40316,7;112,933
1494033480000;35400;40233,3;112,333
1494033540000;35400;39933,3;111,7
1494033600000;35400;40133,3;112,05
1494033660000;35400;40183,3;111,867
1494033720000;35816,7;40400;113,583
1494033780000;36016,7;40633,3;114,3
1494033840000;36366,7;40800;115,267
1494033900000;36350;40550;114,933
1494033960000;36400;40933,3;116,75
1494034020000;36166,7;40916,7;115,3
1494034080000;35900;40483,3;113,733
1494034140000;35850;40350;113,083
1494034200000;35783,3;40383,3;113,333
1494034260000;35400;40250;113,3
1494034320000;35450;40183,3;113,117
1494034380000;35450;40316,7;112,833
1494034440000;35483,3;40316,7;112,383
1494034500000;35600;40350;113,45
1494034560000;35883,3;40383,3;114,35
1494034620000;36150;40550;114,933
1494034680000;36283,3;40633,3;114,567
1494034740000;35883,3;40533,3;114,133
1494034800000;35666,7;40350;113,917
1494034860000;35483,3;40283,3;112,883
1494034920000;35400;40316,7;112,833
1494034980000;35616,7;40250;112,6
1494035040000;36100;40316,7;114,633
1494035100000;35833,3;40366,7;113,567
1494035160000;36216,7;40550;115,15
1494035220000;36066,7;40533,3;113,817
1494035280000;35400;40216,7;112,15
1494035340000;35400;40316,7;112
1494035400000;35433,3;40183,3;112,3
1494035460000;35416,7;40250;111,917
1494035520000;35466,7;40250;112,7
1494035580000;35450;40333,3;113,783
1494035640000;35950;40366,7;113,833
1494035700000;35633,3;40333,3;113,467
1494035760000;35700;40316,7;113,667
1494035820000;35550;40316,7;113,933
1494035880000;35533,3;40350;113,667
1494035940000;35416,7;40316,7;112,95
1494036000000;35483,3;40333,3;113,133
1494036060000;35400;40250;111,867
1494036120000;35416,7;40283,3;112,567
1494036180000;35450;40116,7;112,4
1494036240000;35400;40200;112,283
1494036300000;36083,3;40716,7;115,117
1494036360000;36383,3;41250;117,417
1494036420000;36400;41083,3;116,583
1494036480000;36433,3;41133,3;116,367
1494036540000;35983,3;40600;114,3
1494036600000;35400;40166,7;112,317
1494036660000;35416,7;40083,3;112,25
1494036720000;35433,3;40100;112,367
1494036780000;35466,7;40233,3;112,9
1494036840000;35400;40250;112,883
1494036900000;35500;40283,3;113,017
1494036960000;35833,3;40350;113,617
1494037020000;35650;40300;113,85
1494037080000;35516,7;40283,3;113,067
1494037140000;35416,7;40300;112,617
1494037200000;35466,7;40266,7;112,933
1494037260000;35400;40316,7;112,633
1494037320000;35433,3;40100;112,8
1494037380000;35433,3;40250;112,217
1494037440000;35450;40216,7;112,95
1494037500000;35466,7;40316,7;112,967
1494037560000;35416,7;40283,3;113,117
1494037620000;35433,3;40266,7;112,817
1494037680000;36316,7;40683,3;115,15
1494037740000;36283,3;40750;114,9
1494037800000;36333,3;40450;20
1494037860000;36300;40550;20
1494037920000;35450;40316,7;20
1494037980000;35433,3;40283,3;20
1494038040000;35466,7;40300;20
1494038100000;35633,3;40350;20
1494038160000;35850;40516,7;20
1494038220000;36150;40666,7;20
1494038280000;35816,7;40516,7;20
1494038340000;35833,3;40333,3;20
1494038400000;35716,7;40333,3;20
1494038460000;35500;40316,7;20
1494038520000;35516,7;40316,7;20
1494038580000;35416,7;40300;20
1494038640000;35350;39833,3;20
1494038700000;35400;39883,3;20
1494038760000;35400;39983,3;20
1494038820000;35400;40250;20
1494038880000;35400;40266,7;20
1494038940000;35400;40283,3;20
1494039000000;35716,7;40300;20
1494039060000;35616,7;40316,7;20
1494039120000;35850;40350;20
1494039180000;36183,3;40500;20
1494039240000;35716,7;40400;20
1494039300000;35833,3;40316,7;20
1494039360000;35583,3;40316,7;20
1494039420000;35383,3;39866,7;20
1494039480000;35366,7;39633,3;20
1494039540000;35400;40150;112,183
1494039600000;35400;40283,3;112,333
1494039660000;35400;40283,3;112,917
1494039720000;35633,3;40383,3;113,667
1494039780000;35516,7;40316,7;113,283
1494039840000;35700;40366,7;114,133
1494039900000;35783,3;40316,7;114
1494039960000;35583,3;40333,3;113,7
1494040020000;36066,7;40383,3;114,283
1494040080000;36166,7;40633,3;115,033
1494040140000;36200;40416,7;114,867
1494040200000;35916,7;40500;114,083
1494040260000;35450;40316,7;113,267
1494040320000;35983,3;40550;114,417
1494040380000;36300;40900;115,267
1494040440000;36266,7;40466,7;114,433
1494040500000;36266,7;40533,3;114,55
1494040560000;35850;40300;113,167
1494040620000;35383,3;39883,3;111,983
1494040680000;35383,3;39650;111,233
1494040740000;35200;39733,3;111,433
1494040800000;35416,7;39883,3;111,967
1494040860000;35416,7;40283,3;112,6
1494040920000;35400;40283,3;112,35
1494040980000;35416,7;40250;112,1
1494041040000;35666,7;40366,7;113,667
1494041100000;36183,3;40383,3;114,4
1494041160000;36133,3;40483,3;114,183
1494041220000;35450;40283,3;112,583
1494041280000;35466,7;40116,7;111,9
1494041340000;36300;40416,7;114,7
1494041400000;36016,7;40433,3;113,95
1494041460000;36016,7;40366,7;114,15
1494041520000;35666,7;40233,3;112,867
1494041580000;35400;40016,7;111,817
1494041640000;35466,7;40316,7;113,1
1494041700000;35500;40300;112,717
1494041760000;35616,7;40366,7;113,283
1494041820000;35500;40283,3;113,033
1494041880000;35450;40316,7;112,467
1494041940000;35400;40233,3;112,517
1494042000000;35400;40216,7;112,833
1494052367000;35576,9;40115,4;112,654
1494054037000;40583,3;45416,7;131,333
1494054060000;23041,7;25375;90,75
1494054120000;21583,3;24166,7;89,7833
1494054659000;22218,2;24490,9;91,1091
1494054660000;12000;13000;47
